trial_id,group,system,a_w,n_droplets,delta_um,max_slope,alpha,y_near,y_far,r0_um,transition_width_um,zone_metric,dR_dr_um_per_mm,pearson_r,pearson_p,dtau50_dr,dtau50_dr_sizematched
agar.1,Agar,Hydrogel,1.0,2663,77.8,0.019651819889697,0.0008663615987829,13.06320646469929,58.42952906557278,,2308.5049046606528,0.3441397926794747,,,,0.10119047619047626,-0.041836273179556786
agar.2,Agar,Hydrogel,1.0,3185,92.4,0.0180448585559021,0.0009763793271839,15.380617469222107,52.34342086643761,50.00000000250616,2048.3842133041094,0.29290783309327406,,,,-0.0036764705882352854,-0.0931372549019607
agar.3,Agar,Hydrogel,1.0,2088,163.5,0.0110500331187189,0.0023675141077761,52.51408061525961,61.848794256394555,1676.0359301891704,844.7679333487047,0.17573089883820273,,,,-0.08928571428571445,-0.23601398601398604
agar.4,Agar,Hydrogel,1.0,4358,100.1,0.0058765445136389,0.0012237089564331,37.12282465929569,46.72730533706734,1630.8781590264964,1634.3755510539283,0.09819801779248252,,,,0.010212418300653609,-0.2205882352941177
agar.5,Agar,Hydrogel,1.0,2576,101.6,0.0103413885032383,0.0019949844818496,44.87668849658729,55.244075909696605,1151.1348298944235,1002.5140637413238,0.28296948906377695,,,,-0.07142857142857152,-0.24686716791979985
0.5to1.2,0.5:1,Hydrogel,0.93,1701,337.3,0.0662779835991232,0.0022698417588481,7.342365808402017,65.74113597884427,301.97923979065405,881.1186912936623,0.7021516357708302,,,,0.4963235294117647,0.11009933774834427
0.5to1.3,0.5:1,Hydrogel,0.93,2764,232.3,0.0287054653395034,0.0011717299057038,5.072176595535568,54.068903912589576,435.63680029155233,1706.8780017171998,0.6147303351406241,,,,1.0319917440660478,0.6740196078431371
0.5to1.4,0.5:1,Hydrogel,0.93,3072,236.9,0.0465077774735206,0.0025917847092196,10.734969082314958,46.62358074676457,366.12082190075057,771.6690328812836,0.625087396841014,,,,0.8174019607843137,0.2708333333333334
0.5to1.5,0.5:1,Hydrogel,0.93,3759,247.3,0.0328582470295092,0.0015693153166581,4.555420557911949,46.431322335868735,364.4670251208025,1274.4411392472923,0.7341646471937869,,,,0.8292483660130718,0.22735507246376824
0.5to1.7,0.5:1,Hydrogel,0.93,2500,317.9,0.0240768743919209,0.0006824898768744,3.6124388381484622,74.1684286271339,,2930.446396009806,0.9616876826568229,,,,0.8419117647058824,0.6676136363636362
1to1.1,1:1,Hydrogel,0.87,2507,420.5,0.0389635173807342,0.0013307924668849,6.2031264144835,64.75999136569307,621.1833594008041,1502.8639324067633,1.0255444453469833,,,,1.0845588235294117,1.318361126053434
1to1.2,1:1,Hydrogel,0.87,5105,286.6,0.0288721437625944,0.0017321260493319,5.12972430129894,38.46695605037478,368.5739742062154,1154.6503793828483,0.790979337289325,,,,0.8809523809523812,0.6373626373626375
1to1.3,1:1,Hydrogel,0.87,4207,420.1,0.0212665408795453,0.0011154899254469,6.412182905231955,44.5416906567674,488.18697834699185,1792.9341667506112,1.025420370014671,,,,1.2916666666666667,0.879120879120879
1to1.4,1:1,Hydrogel,0.87,4646,363.7,0.0084637994554763,0.0005768460760755,14.14435576579535,43.48944384564709,,3467.129417966615,0.7076166035041049,,,,0.904761904761905,0.5695970695970696
1to1.5,1:1,Hydrogel,0.87,4377,462.7,0.0272407549577915,0.0014072352672838,4.859647263390598,43.57492905187325,637.6609420112381,1421.226461912322,1.2015042287634328,,,,0.8601190476190478,0.8113553113553114
2to1.1,2:1,Hydrogel,0.75,4090,681.1,0.0290706015923141,0.0014787819819457,4.87998472811619,44.19693874464184,814.9954744397664,1352.464409505735,1.4033693022020202,,,,1.762820512820512,1.3181818181818181
2to1.2,2:1,Hydrogel,0.75,2228,803.2,0.0620133527304705,0.0034829221415082,20.183007337846504,55.79296369685762,1064.5615881567862,574.2304647481833,1.6540699724941987,,,,1.744505494505494,1.4947552447552448
2to1.3,2:1,Hydrogel,0.75,5096,933.4,0.0279785307468467,0.0020419075359652,11.134556838138533,38.538864089123194,1108.1228160128885,979.4762812580228,1.6655261664061316,,,,1.3344988344988344,1.083333333333333
2to1.4,2:1,Hydrogel,0.75,3100,872.9,0.043238841148243,0.0020440009956937,5.78612298939271,48.09416612570893,1006.4000496022046,978.4731045696716,1.8316379262245437,,,,2.2474747474747474,1.6054778554778553
2to1.5,2:1,Hydrogel,0.75,2318,1005.4,0.044042330931754,0.0019603747088623,7.755993122086363,52.688557016784046,1096.5306734435326,1020.2131209704388,2.0211734253231626,,,,2.1382783882783882,1.9040404040404038
Green.1,Green,Fungi,,3602,279.5,0.0649804555572463,0.0047961804530766,21.46920481121052,48.56595656731353,415.1376352360349,416.99848860295214,0.5200638659407286,,,,0.4265565875472996,0.3543171654626763
Green.2,Green,Fungi,,3656,316.0,0.0516196977047248,0.0040420018129048,17.387681373749533,42.92933132547345,404.9563303626254,494.8043302738296,0.6538728930021959,,,,0.32593739250085996,0.2984176126590986
Green.3,Green,Fungi,,4882,297.8,0.0739818651082226,0.0045047755431319,5.06558123062271,37.9115529776575,306.15343087259873,443.9732858719743,0.5498058256090645,,,,0.2806372549019608,0.18382352941176472
Green.4,Green,Fungi,,4101,285.6,0.0964426190240834,0.0173861735852149,27.46704926682168,38.56122344510059,300.4723960568793,115.03393717987367,0.20076671943428906,,,,0.3946078431372549,0.13919413919413928
Green.5,Green,Fungi,,6927,311.7,0.0373267104658592,0.0025714077135719,3.892455826286003,32.924577234997244,366.4504276561956,777.7840866868081,0.6998871150239495,,,,0.3860294117647059,0.32066993464052296
white.1,White,Fungi,,3652,198.5,0.0455348658133981,0.0053302024697956,26.055170075987796,43.14077463657552,568.1332607698298,375.2202681480281,0.37908092439938074,,,,0.6710526315789472,0.32765737874097006
white.2,White,Fungi,,3260,126.2,0.0301740400139974,0.0013564144552022,6.714897235990772,51.20578259668704,254.10824232876283,1474.4755869634064,0.6044428022404497,,,,0.4738562091503267,0.05637254901960796
white.3,White,Fungi,,1628,120.0,0.0612768119495528,0.0022993369302173,11.860257648683415,65.1598077444241,326.07741179073685,869.8159776918615,0.6536955126398718,,,,0.8823529411764707,0.5070588235294118
white.4,White,Fungi,,3413,131.6,0.0266024717085761,0.0013893951616147,6.629032571663427,44.922633188005264,168.90032047829874,1439.4752877040612,0.4397886561138937,,,,0.6515151515151515,0.0
white.5,White,Fungi,,2845,123.0,0.0107892248946686,0.000579995884375,7.990320753464521,45.19480852770059,,3448.3003308810544,0.3748745338955008,,,,0.12641898864809087,0.0
black.1,Black,Fungi,,4690,125.4,0.0045338105019965,0.0005884784060033,10.664779412098987,26.073366900594845,,3398.5953938106795,0.2273056688938218,,,,0.0,0.0
black.2,Black,Fungi,,3142,98.0,0.027057476059429,0.0015169894995741,7.363342295533403,43.035937349123536,76.46914830172214,1318.400688047873,0.29293294979669676,,,,0.07142857142857141,0.0
black.3,Black,Fungi,,4513,111.7,0.0129890257963872,0.0014714444186195,16.18241242977957,33.83720880812028,50.00000000066082,1359.208662381072,0.18575285992728252,,,,1.25,
black.4,Black,Fungi,,8266,135.7,0.0358097641718117,0.0039592087451827,5.532198779532641,23.621552727026245,259.5492291279022,505.1514402804393,0.3852461010547189,,,,0.2893772893772893,0.01373626373626376
black.5,Black,Fungi,,5137,78.3,0.050763492582637,0.0030316272357427,5.268566821419211,38.757837523396226,108.0460618429422,659.7117140326853,0.27517096299928157,,,,0.18661850705194358,0.07965686274509802
RSR1,Healthy,Leaf,,297,,,,,,,,,12.25,0.6236,2.115e-33,,
RSR2,Healthy,Leaf,,287,,,,,,,,,8.87,0.6584,4.924e-37,,
RSR7,Healthy,Leaf,,122,,,,,,,,,7.49,0.4342,5.816e-07,,
RSRDiseased3,Diseased,Leaf,,241,,,,,,,,,11.0,0.5675,6.045e-22,,
RSRDiseased5,Diseased,Leaf,,312,,,,,,,,,8.17,0.5752,7.08e-29,,
RSRDiseased6,Diseased,Leaf,,248,,,,,,,,,15.5,0.5561,1.549e-21,,
