r_prime_um,beta,A,beta_se,r2,n_frames,epsilon_final,trial_id
0,0.6545554704860479,5.930765253779131,0.03461229163726598,0.9754519948540185,11,0.12276814462738281,agar.1
300,0.9832176118004446,3.145913308923055,0.02656136183780983,0.9934746967762823,11,0.1488672871466942,agar.1
600,0.9440565439935709,3.7831641576007464,0.03222170057867927,0.9896243861729782,11,0.12893119946757556,agar.1
900,0.6672420297973303,8.148233945360873,0.048171860316112494,0.9551922293014139,11,0.10492256780836927,agar.1
1200,0.8269276027727541,5.433280201439017,0.04456262289902374,0.9745291261377986,11,0.09314942419572722,agar.1
1500,0.8422797227461116,5.456356374368849,0.054180456211860364,0.9640965914506495,11,0.08299753936393055,agar.1
1800,1.0898942563075258,2.9552900477077206,0.0545811458216848,0.9779267936092176,11,0.07294450473172445,agar.1
2100,0.902113402441416,5.179329010596026,0.04719354528653323,0.9759609182808329,11,0.06713243080899496,agar.1
2400,1.0640997845214242,3.2884784495605253,0.06249491099655579,0.9698914233202783,11,0.0610597126042829,agar.1
2700,1.028298464511425,3.6715739845502404,0.046714830862914045,0.9817643621147033,11,0.05361534125463968,agar.1
3000,1.2429506141733284,2.2547827755782484,0.17338242280961438,0.865302285714741,10,0.013208735413223847,agar.1
0,0.7525616631466074,4.211513254509486,0.06186420185092516,0.9487116343302586,10,0.1288779424306603,agar.2
300,0.6763838210814233,6.457008156087621,0.029699699817412443,0.9829435446297551,11,0.16477620216935535,agar.2
600,0.48219447255486125,11.279721239110984,0.03686009718867457,0.9500366701291041,11,0.14781554310949976,agar.2
900,0.5396726368987939,10.220108016784975,0.05680754899774505,0.9185753190180951,10,0.11871665752627611,agar.2
1200,0.5612529636347326,9.86542191478934,0.05458128422239467,0.9379089605764039,9,0.10079752454578901,agar.2
1500,0.7753655467457815,5.908409157066805,0.0693524179602603,0.9398469907902034,10,0.08341349829215843,agar.2
1800,0.9196743122469616,4.093663330235914,0.03966515097428175,0.9835342279544526,11,0.08148247447541065,agar.2
2100,0.8404398885257709,5.342245282702736,0.05491072496666793,0.9630026158904583,11,0.07030348330199329,agar.2
2400,0.7365542349735676,6.790013643550219,0.04991607386512161,0.9603061174376947,11,0.06248175128966471,agar.2
2700,0.5293107201065591,13.01279976388602,0.05043209119689823,0.9402505114241174,9,0.06298116207252384,agar.2
3000,0.7754246927565247,6.250525787670231,0.060559224288756194,0.9479626593516579,11,0.04509333663258809,agar.2
0,0.9489285451424906,3.8678063790056085,0.047017920924824375,0.9783822302867295,11,0.14899178171290361,agar.3
300,0.8187869169616533,5.697609716868204,0.033367464282634686,0.9852733533620623,11,0.1352427010648785,agar.3
600,0.6600007751067144,8.548485410002,0.048517904689912475,0.9585595677915594,10,0.11506513094711308,agar.3
900,0.848206147081697,5.266717947517497,0.0420508383319359,0.9783585166408321,11,0.09575884846085175,agar.3
1200,0.9817139755381641,4.001911365280903,0.05298391401845837,0.9744540532135498,11,0.07934274688071082,agar.3
1500,0.7206738001992156,7.572867471416224,0.027021092987893593,0.9875057412649813,11,0.07619987946449933,agar.3
1800,0.8357978456513863,5.967070248217232,0.02795270030376312,0.9900336188197101,11,0.07130020270677535,agar.3
2100,0.7370619697739177,8.217209498655759,0.04098231940109701,0.9729287319640643,11,0.06368117248646937,agar.3
2400,1.0675353778248229,3.707038793837202,0.06345290814069839,0.9691832442313483,11,0.056040142753597734,agar.3
2700,0.4944436856070927,15.857878441505733,0.0367042503226052,0.957776594973295,10,0.05199364084811501,agar.3
3000,0.3186820507697728,20.47904018938192,0.04514241353644878,0.8768392399828191,9,0.0061933657855704274,agar.3
0,0.873575313668578,3.2794176497878973,0.057547914003335504,0.9664473629757055,10,0.10468501664848882,agar.4
300,0.9918256568244513,2.504211432507832,0.06517788042925177,0.9625878493859747,11,0.13876082690393285,agar.4
600,0.6615752177375189,6.208898705068488,0.0309721495887364,0.9806561242572785,11,0.12742196918029844,agar.4
900,0.710619428576056,5.642191247222739,0.069869759359364,0.9366181446783549,9,0.11713707900296398,agar.4
1200,0.6620733247799765,6.595996224288123,0.04967633962711075,0.9517758919056947,11,0.09357387510259439,agar.4
1500,0.6646074351668313,6.699514447354153,0.04630402663094002,0.9581419038736801,11,0.08509900341264791,agar.4
1800,0.8152453700592726,4.529160193148989,0.05877307820950487,0.9553142592030812,11,0.07888666699412572,agar.4
2100,0.7656381609469625,5.398557084531111,0.027234896870664566,0.9887402422399745,11,0.0680996968049154,agar.4
2400,0.7822580448933225,5.626320653551911,0.032399000942121045,0.9847962039264997,11,0.0666345259846127,agar.4
2700,1.0462786489045326,2.89241694234417,0.07318819439860777,0.9578193324970202,11,0.0589488088113434,agar.4
3000,0.8043641469058133,5.560953503445491,0.046554873512375215,0.9707337203226487,11,0.045190698696195956,agar.4
3300,-0.010037992754040072,36.67521098794047,0.024658888194351525,0.02687594420845962,8,0.0031044616407911044,agar.4
0,0.8425113826765062,4.147860955196123,0.06269586467152254,0.9525270660618138,11,0.14781638002240546,agar.5
300,1.0620937787087228,2.6196048796179165,0.058600885836162596,0.9733322571784289,11,0.15503178444315852,agar.5
600,0.9577962338183581,3.6835170554493586,0.04892379721747476,0.9770566763819986,11,0.1285334421521687,agar.5
900,0.6928256779573186,7.468601437442313,0.025436679602707804,0.9880138848422427,11,0.10808779124238185,agar.5
1200,0.9193507689526721,4.17507103309997,0.019736312304006395,0.995869387810348,11,0.09034643386727717,agar.5
1500,0.8891223814398316,4.636662602277003,0.02556598046952698,0.992613739640565,11,0.08542173428434392,agar.5
1800,1.0729511043711344,3.043539810087734,0.07648537753327865,0.9562660971870677,11,0.07372326978173144,agar.5
2100,1.1930586884698833,2.524869578699272,0.07484689812625328,0.9657902938729825,11,0.06655431972963442,agar.5
2400,0.865633687670297,5.582960066920257,0.07916307056799572,0.9299993432078693,11,0.06225906683996151,agar.5
2700,1.0278404943274928,3.5042092128574605,0.03420008068127165,0.9901340408062448,11,0.055087636854566586,agar.5
0,1.2306208958061629,1.4263002795809396,0.14299876465858677,0.8916446590251254,11,0.18580987203338203,0.5to1.2
300,0.7201002853757728,6.88317706294816,0.09437710675249683,0.8791857945539892,10,0.23570131097662206,0.5to1.2
600,0.7980528624145528,6.85819590740526,0.06431920965327943,0.9506022785243097,10,0.16089542863163003,0.5to1.2
900,1.054216240539191,3.6842220332711078,0.05441489707481594,0.9791307474284374,10,0.13196330200414164,0.5to1.2
1200,0.8541669120191533,6.314992770928799,0.05535663172530683,0.9635764305786618,11,0.11843403175441293,0.5to1.2
1500,0.9896482328177055,4.60485697316959,0.06550887229137155,0.9620611866515336,11,0.0830432074140908,0.5to1.2
1800,1.2818993501759743,2.1939482191845916,0.08051393880779822,0.9657133513686406,11,0.08378796096623489,0.5to1.2
2100,1.1815944677056565,2.8828815290670646,0.048444429332756195,0.985097047482956,11,0.07353008942815525,0.5to1.2
2400,0.9304057377199323,5.356117397423188,0.08062184861833499,0.9433347801486617,10,0.062434289456973005,0.5to1.2
2700,1.061927089532516,3.965435945139532,0.07525801980993904,0.956752758922354,11,0.062756569254036,0.5to1.2
3000,0.7795484025781799,7.546840978646098,0.05267378672900502,0.9605309404468185,11,0.05034064887366468,0.5to1.2
3300,0.18871873734704633,32.53753615489656,0.12461081766100832,0.2765509953597339,8,0.008328727142266418,0.5to1.2
0,0.8892081064597862,2.184809914586779,0.06278013422097252,0.9570640415519018,11,0.1251216577888201,0.5to1.3
300,0.9758566657083054,2.3418823053895808,0.052306436207951175,0.9747945871682651,11,0.21372682786675723,0.5to1.3
600,0.9784356544730259,2.799107646138974,0.047073245202109114,0.9795933334169804,11,0.16094346350207045,0.5to1.3
900,0.7345786737181912,5.936413557707039,0.04230702224020054,0.9710121853681056,11,0.1407812929835627,0.5to1.3
1200,0.8319488801317101,4.672080440383437,0.06512288100480829,0.9588724527788963,9,0.10612225498276082,0.5to1.3
1500,0.7594353891905108,5.928077965931497,0.01921647940900494,0.9942705481746232,11,0.08925313688535304,0.5to1.3
1800,1.0042605984668411,3.4362416654477568,0.05249333806206292,0.9760001823601816,11,0.08721029085367134,0.5to1.3
2100,0.8719034300493614,5.016134124147166,0.05580283914944094,0.9644453859986728,11,0.0654868225410898,0.5to1.3
2400,1.0858828567465604,2.9487556318010966,0.06454921790638264,0.9691779135947285,11,0.07079982974525788,0.5to1.3
2700,0.992698620955432,3.70796834790549,0.03964626068781633,0.985847862610712,11,0.05680272249523489,0.5to1.3
3000,0.9680820134053543,3.973880618518533,0.06710470220107646,0.9585486871098666,11,0.05062750993583501,0.5to1.3
3300,1.1841598988810313,2.200267787521806,0.11336946801646548,0.9237940003051553,11,0.02111952427002346,0.5to1.3
0,1.3566467783367053,0.5968800512997121,0.08542357179608721,0.9655461756838427,11,0.16838273363495732,0.5to1.4
300,1.2192565628697445,1.3356450813018035,0.09867695221853276,0.9443316552615941,11,0.2767556654524146,0.5to1.4
600,0.6244431250189835,7.822078900003482,0.04528972963330976,0.9547970024158792,11,0.2191723816415681,0.5to1.4
900,0.8162133877295518,5.154645476055406,0.058964226778911055,0.9551380207167233,11,0.15649306658675904,0.5to1.4
1200,0.8068787530041897,5.165837435150244,0.08544935891331754,0.9083184966994879,11,0.11807653989392858,0.5to1.4
1500,0.5978272279480533,9.243567861346897,0.04184887825485424,0.962276989165292,10,0.09449889444462072,0.5to1.4
1800,1.2055245993672803,2.0110838232870907,0.07679032764466887,0.9647688617155324,11,0.08652175129230939,0.5to1.4
2100,0.963961514788063,3.7313658099935183,0.05164914957281726,0.9748133200570596,11,0.07216530270555016,0.5to1.4
2400,0.6174217573891124,7.904273920890429,0.05594877574668899,0.9456445281001652,9,0.0666517523146032,0.5to1.4
2700,0.7786628717393665,5.17059906414328,0.0769402970624995,0.9275503543120526,10,0.05638714335679306,0.5to1.4
3000,1.0480099450689002,2.5368356895944593,0.09458515335960146,0.9316980895584633,11,0.014562878221429624,0.5to1.4
0,1.5593407932454784,0.35820469449921377,0.18202452243305162,0.890760169320494,11,0.13196395959885404,0.5to1.5
300,1.1411670203399433,1.5243407769419683,0.12104616132993697,0.917422279823105,10,0.25618243384659606,0.5to1.5
600,0.4575304469304722,10.683931861177497,0.19491500309112147,0.5242613797528297,7,0.20262292817386193,0.5to1.5
900,0.6273162665056882,7.484295641200802,0.12939642585470587,0.7966328045082044,8,0.15098848558081773,0.5to1.5
1200,0.5386364061417453,9.627123480727557,0.02819638566021666,0.9785480092377241,10,0.1197529748469806,0.5to1.5
1500,0.7694225413343921,5.601129034672346,0.0606317723047775,0.9526734585233406,10,0.1131489142326626,0.5to1.5
1800,0.8893187160025704,4.269207976465386,0.07801370298933294,0.9420075708279566,10,0.09039189072232245,0.5to1.5
2100,0.6739439950616044,7.262692097322359,0.03861533684115731,0.9713008960169859,11,0.07521329035779162,0.5to1.5
2400,1.14764166799767,2.3104536639614484,0.08236187406327741,0.9604274203656712,10,0.06739296160381993,0.5to1.5
2700,0.6824121088688356,7.73702056117707,0.0481670731589006,0.9570858541496283,11,0.06487679028296467,0.5to1.5
3000,0.498729335262533,11.866710729421452,0.05067837226397186,0.9325929017524006,9,0.050188728860378645,0.5to1.5
3300,0.33338692834535927,18.73521500067232,0.045758200191474745,0.8834954018716167,9,0.008127028653161438,0.5to1.5
0,1.439442635683042,0.5291132483078737,0.23599800180584407,0.8230186206852065,10,0.10320072956624955,0.5to1.7
300,0.6118345517610934,6.448839538357671,0.07008107596998238,0.9050101976670768,10,0.19337022838415555,0.5to1.7
600,1.158232650944884,1.863101784100423,0.06276119460768396,0.9742542461782056,11,0.18094560244277766,0.5to1.7
900,1.2765934340764333,1.6020140947671642,0.10337029420650401,0.9442777604842856,11,0.14167455241904034,0.5to1.7
1200,1.0895518433691764,2.8630949164129893,0.046857420584730865,0.983626790665787,11,0.12111211034202134,0.5to1.7
1500,1.2821891286579166,1.9389252018234084,0.0928388093463464,0.9549417486486884,11,0.1217303253627157,0.5to1.7
1800,1.0697533210636865,3.0938459740067414,0.045067690735112395,0.9842774363043123,11,0.08812441682141788,0.5to1.7
2100,0.7899477871575821,6.939456933065244,0.05314114136474236,0.9608646079644718,11,0.07651514959989875,0.5to1.7
2400,1.1134607883680876,3.4121549014637123,0.06544319686060646,0.9698473793818835,11,0.06910132531436808,0.5to1.7
2700,1.2533170524065478,2.556092035321207,0.07185101800944202,0.9712705903240313,11,0.05952782643048951,0.5to1.7
3000,1.2067202456832717,2.8856502129120627,0.11505975708879966,0.924365499270635,11,0.04777570759307509,0.5to1.7
3300,0.4996523862485212,12.234916326542947,0.018827954345849232,0.9957582457121916,5,0.005647684374435784,0.5to1.7
0,0.3393962335295517,10.812807862666642,0.03556370755618367,0.9100675994599268,11,0.07134011414870843,1to1.1
300,1.0189664698781769,2.72924396140834,0.06382207225365204,0.9732727293958625,9,0.14503397854558517,1to1.1
600,0.7149380619624123,7.415424658596324,0.059229712015792156,0.9418226361663881,11,0.12363063635604163,1to1.1
900,0.7791772760245452,6.888440857939191,0.040312152171891866,0.9764764059276834,11,0.11193950266531497,1to1.1
1200,0.6954384121174952,8.814164089224638,0.06636475120485628,0.9320941251258097,10,0.09242761433963016,1to1.1
1500,0.9543459809553957,4.7773234817921235,0.07261477440211844,0.9504753240158295,11,0.07793221695683841,1to1.1
1800,0.9071750260967122,5.50699312913872,0.048313047329529665,0.9751089988598338,11,0.07151139390405091,1to1.1
2100,0.7252262785966263,8.898167339756238,0.06612536186976148,0.9303862765059224,11,0.07090403260901067,1to1.1
2400,0.9411657285647294,5.180608677374992,0.11650507257363421,0.9031266822311385,9,0.06136401817398288,1to1.1
2700,0.9322234235297249,5.809189933457055,0.06051682897841726,0.9634583819832901,11,0.05493680102456956,1to1.1
3000,0.4382760735084805,17.498943122267555,0.07082162088337615,0.8645503893254419,8,0.04231754023644723,1to1.1
0,0.5925180552527034,4.292975948749652,0.0570304915062702,0.9230385240180548,11,0.06346401071154181,1to1.2
300,0.32703717193834225,10.484299558919842,0.06181933670027407,0.7999217094347633,9,0.13365904517476715,1to1.2
600,0.5382361834740512,7.303964052945332,0.059740547904722933,0.9206099077305457,9,0.11661475819941435,1to1.2
900,0.4081097884413266,11.081552918157605,0.09687524187021734,0.8160677845142792,6,0.10174217418310848,1to1.2
1200,0.5001330425598176,8.955616194066014,0.06983052779786254,0.9111831741115911,7,0.08692134586323917,1to1.2
1500,0.5827933006709541,7.589844689125468,0.05912610651921095,0.9418357814746342,8,0.08187643240992373,1to1.2
1800,0.8433620019728894,4.100712055641884,0.05446568304085565,0.9677110777838148,10,0.06755341399916857,1to1.2
2100,0.8105413256458387,4.473672392928409,0.04066350346115145,0.9802625224784524,10,0.06844651177057619,1to1.2
2400,0.522778643697504,9.415547776406237,0.05008788738278484,0.9396217064889741,9,0.060903543498925926,1to1.2
2700,0.30308824981989113,16.347236577579274,0.0308397274071421,0.9147619577496315,11,0.021453872598880736,1to1.2
300,0.3537813430884399,11.929121700087375,0.04467486810456109,0.874496132824808,11,0.14279812403507355,1to1.3
600,0.1475364879371082,21.924819007978236,0.058085194986472924,0.4796161213259368,9,0.11999921241644987,1to1.3
900,0.3340806421276244,14.223793409004735,0.02288739798853739,0.959471116964065,11,0.0927108561399835,1to1.3
1200,0.5934535922582905,7.789415895976477,0.04753952406491392,0.9453998101004987,11,0.08153069039866997,1to1.3
1500,0.8355226165594041,4.51474616921103,0.03878242667613292,0.9830557759280364,10,0.0739119113070544,1to1.3
1800,0.7193191687751312,6.294590298961607,0.035459967125675854,0.9785967526991051,11,0.06557147819447455,1to1.3
2100,0.6121887237295861,8.444075793391274,0.029283725660567642,0.9798222919993705,11,0.062156869101987686,1to1.3
2400,0.7702257792131357,5.803138580257689,0.021863790461415927,0.992800220648453,11,0.057654300154339366,1to1.3
2700,0.48694698753003546,11.409270583495866,0.028961597431001726,0.9691458691804609,11,0.0382539558929146,1to1.3
300,0.029801640371854846,29.024243612277214,0.07656910160752618,0.016553186354138404,11,0.15321410506754984,1to1.4
1200,0.23537200143271234,17.924740517597083,0.05907996397294697,0.6648780750395183,10,0.09782147225773716,1to1.4
1500,0.2957817746666334,16.30762710562301,0.065523962994701,0.7725300127844763,8,0.08001047589723458,1to1.4
1800,0.24627544812949403,19.460651344836094,0.07483034813656676,0.6435245291472582,8,0.06922147419172674,1to1.4
2100,0.3345409787351014,15.782282723638556,0.10605565138981782,0.5870250778457214,9,0.06782103170350477,1to1.4
2400,0.14166818891085683,26.960321211500084,0.13085448180287368,0.18990394717555434,7,0.061767276394759554,1to1.4
2700,0.2423442143994594,20.788106880484953,0.0993997068285952,0.45921822299241283,9,0.052506534074690504,1to1.4
0,0.2285194960448696,9.951800622271849,0.03592343442366453,0.8180570313555815,11,0.04854523630185248,1to1.5
300,0.800941160877436,3.2620579444549738,0.06233563060824355,0.9537820558658623,10,0.12738597088655013,1to1.5
600,0.7113907070863159,4.809783505099346,0.10442865651129207,0.8689293343289493,9,0.10309521999281193,1to1.5
900,0.8333238739242157,3.905334367944704,0.05567872611311433,0.965517321807237,10,0.09574165637137834,1to1.5
1200,0.9544442452766334,2.9559609727328713,0.037540296856264956,0.9877751827606328,10,0.07912156387541808,1to1.5
1500,0.9528883307924042,3.1922128504641583,0.049407451133158975,0.9763756253744785,11,0.07760594810039761,1to1.5
1800,0.7184522843609097,5.49144127702122,0.04099062567255686,0.9715373555296803,11,0.065785936156567,1to1.5
2100,0.9050361079646967,3.563942977193105,0.05105998597802174,0.9721512368261628,11,0.06749207591298104,1to1.5
2400,0.8737751571662187,4.257659921286893,0.024251832914649683,0.993114561423915,11,0.05666901986959648,1to1.5
2700,1.0221029745577936,2.820851149425379,0.06988977940350186,0.9596187936205822,11,0.039063689133620634,1to1.5
0,0.1865582180154107,13.954368350654985,0.10686353528134639,0.27586621573327325,10,0.05313139373597873,2to1.1
300,0.5125836246182389,7.347155825558648,0.03532867536244903,0.9633885670287571,10,0.11034008540338734,2to1.1
600,0.600382432524396,6.787698012905697,0.04142032909529993,0.9633198067582673,10,0.10748861648909924,2to1.1
900,0.8971229827663929,3.5242388816342474,0.05500717804583675,0.9708018491789291,10,0.08679269624556724,2to1.1
1200,0.8147459987500139,4.507809534395636,0.045902556220277724,0.9752355447830857,10,0.0865068242659566,2to1.1
1500,0.8714575428726564,4.103452947915651,0.034688835209794405,0.9874828198293579,10,0.07277339841766982,2to1.1
1800,0.9323113908969365,3.699686073810296,0.05472285595787767,0.9731776008896154,10,0.0652103366928702,2to1.1
2100,0.7909512208628806,5.384757935927028,0.035590812492287974,0.9840600125528559,10,0.06338919551497667,2to1.1
2400,0.5885982707692287,8.237988570364648,0.039956926793173024,0.968749586910787,9,0.024368126747904627,2to1.1
0,0.6203369559352956,4.6844016757293865,0.08543558730003536,0.8541808250429527,11,0.052447169357749325,2to1.2
300,1.179244371597966,1.6762421172837272,0.05444083792323037,0.9811794236315164,11,0.10272011751480536,2to1.2
600,0.9990202241517362,3.3665686155035193,0.03866165466298732,0.9867003532065561,11,0.09132738135252778,2to1.2
900,0.9812679886805694,3.666657187154681,0.07844681063610003,0.9456087177749655,11,0.07939732265532869,2to1.2
1200,1.1680126949699365,2.3812028345179073,0.034577192022416436,0.9921744500846623,11,0.07233760338551545,2to1.2
1500,1.0833966151635916,3.019288866370668,0.047664338189028856,0.9828780070995075,11,0.06834266086176805,2to1.2
1800,0.7788229775291682,6.402803010336331,0.05890553215599142,0.9510362967309622,11,0.05974959197798255,2to1.2
2100,0.6916365764329366,8.57024403732722,0.054215175861546054,0.9587622644337865,9,0.05470374958702775,2to1.2
2400,0.7612264014846043,6.58737730874833,0.04136054208857555,0.9741179416882264,11,0.032204673030672,2to1.2
0,0.44012802266046486,7.320101124709761,0.15160976146314725,0.5462676126956766,9,0.03229630900643715,2to1.3
300,0.4371632340421954,8.305670639710135,0.04940744234203539,0.9072886413429375,10,0.11167635689675282,2to1.3
600,0.7988534587495583,4.010488624535888,0.05537918984420395,0.9585416096910736,11,0.1193462864591495,2to1.3
900,0.6884962770390196,5.965496516520121,0.07804123041560046,0.8963508879283272,11,0.11449588099512012,2to1.3
1200,0.6571655524281335,6.874365340463806,0.10266702691393322,0.8540816753463756,9,0.1020703328366715,2to1.3
1500,0.3175262320489981,16.636134287240427,0.07828419764655666,0.7327597605186492,8,0.09049212791338666,2to1.3
1800,0.5486813806872869,9.173830504862874,0.05654868224020944,0.9216796668845924,10,0.08366047719206746,2to1.3
2100,0.5559469423736123,8.908604676036354,0.06239554307492594,0.8981772112650097,11,0.06917849703524695,2to1.3
2400,0.19751494070679526,19.721550918329758,0.14342734099760793,0.21316721785942105,9,0.004585524202106102,2to1.3
0,0.1992270257441793,13.343010254884593,0.04984730936505418,0.6663048467684822,10,0.04991699034715488,2to1.4
300,0.6485521399166017,5.812739439384937,0.02484201700154037,0.9869674542747587,11,0.10389231734896702,2to1.4
600,0.6536611232579864,6.830130916518551,0.08243814707441667,0.8998150627188034,9,0.08796030782281092,2to1.4
900,0.7711505196968991,5.310349412180601,0.021736200300094367,0.992900347116443,11,0.08233092725171871,2to1.4
1200,0.8400829090414316,4.889260791163345,0.04319056461778723,0.9767637778629887,11,0.07246638590349941,2to1.4
1500,0.8433719722996464,4.793601223419536,0.029367228382965807,0.9892051534568109,11,0.06610928577751528,2to1.4
1800,0.7840023970848066,5.7983045048084865,0.04108236086069001,0.978505407211369,10,0.06024361632559065,2to1.4
2100,0.8470406788551376,4.944366947875144,0.0651806649602374,0.9494032898107693,11,0.05560138691032092,2to1.4
2400,0.54866170646794,9.461690209853115,0.06450531630682771,0.889362344201384,11,0.008615061455610274,2to1.4
0,0.14911896856843831,17.190138753982353,0.04706591525283706,0.5272644659643444,11,0.0642651627552387,2to1.5
300,0.4870639163334547,9.720511374259843,0.0593014021011323,0.9059889405596991,9,0.1083632710174253,2to1.5
600,0.752521978829554,6.115083809346986,0.04402685928875945,0.9701143656376782,11,0.09104205241128348,2to1.5
900,0.9775988629029978,3.5937267681592244,0.07337801689733275,0.9568724675182277,10,0.0882445783002188,2to1.5
1200,0.7910389534245715,6.0003308533237085,0.050175776948814484,0.9650548445690631,11,0.07548207230665094,2to1.5
1500,0.5676796411202518,10.7187137037212,0.05570155514918314,0.9284856515445004,10,0.06247013062416947,2to1.5
1800,0.8191529194748697,6.118349595259218,0.05257722867238311,0.9642482913668277,11,0.06671150437674707,2to1.5
2100,0.8831241930534948,5.158113522460193,0.055692049391200135,0.969165922700473,10,0.05860880248246667,2to1.5
2400,0.8208645311426075,5.499793390620978,0.1011021532801056,0.8798730733436547,11,0.017267836853257425,2to1.5
0,1.1653648147969313,1.2058028703850578,0.0537926137618366,0.9811845460970974,11,0.14130488132566027,Green.1
300,1.1639714937904895,1.8287216525293253,0.07415129337239147,0.9647616696810012,11,0.18297862454593225,Green.1
600,1.218355386198082,1.8745350927739415,0.04947319822450534,0.9853769851264621,11,0.1506503528280202,Green.1
900,1.0894529367445527,2.6666238227840084,0.05999015213325805,0.9734360345275215,11,0.11765031080005443,Green.1
1200,0.817314656605977,5.351502760046724,0.04639054814760874,0.971822031198042,11,0.0987996313218421,Green.1
1500,1.3396241567796476,1.417073779637622,0.05764718966423113,0.9836071477407082,11,0.0809348850504402,Green.1
1800,0.96308605595813,3.7485763219399226,0.04104323355738589,0.9839174787793848,11,0.07278441509183355,Green.1
2100,0.8582831067055543,4.742089026590206,0.07760106074464115,0.9386164057802232,10,0.06297018168518782,Green.1
2400,0.875993483426508,4.517731315685589,0.06651316656682017,0.9559119029413635,10,0.05786165452163124,Green.1
2700,0.8560936454742892,4.805334068332987,0.04982156746929543,0.9704202441824261,11,0.05258942729251876,Green.1
3000,0.9658116993391965,3.584121568966641,0.04388388472671872,0.9817580117825959,11,0.04921909246791209,Green.1
3300,0.8931336557721722,4.4891916706788395,0.05089390325793847,0.971605699586408,11,0.04600083837876695,Green.1
0,1.2204693931688821,0.9255865742106996,0.056324210917107015,0.9832471336851967,10,0.09001636582785741,Green.2
300,1.2137327403740756,1.3920352244247745,0.06198721804833443,0.9770636904489304,11,0.12289281454790012,Green.2
600,1.143138704038848,1.8294889034291817,0.04175493320637807,0.9881347630412967,11,0.10426336116638733,Green.2
900,1.0863122978054123,2.135913038527148,0.04666512258554124,0.9854520792337481,10,0.09247242880187954,Green.2
1200,1.309216381554561,1.2428476319514634,0.09289014540928103,0.956657360979109,11,0.07737974208218167,Green.2
1500,1.1318900129203493,2.0463563319124947,0.08067229328737656,0.9562811764900467,11,0.07180827693473357,Green.2
1800,1.1789599467548781,1.8465535462606861,0.05145436126135048,0.9831458543514451,11,0.06651675759698733,Green.2
2100,1.2640782006208042,1.406965562862848,0.04556908251831419,0.988439271897071,11,0.05841748884480727,Green.2
2400,0.8965948471485391,3.650394310225855,0.054031589524592395,0.9683497062302442,11,0.05443525899682103,Green.2
2700,1.0083668478743568,2.865573621020459,0.05200782036088211,0.9766187484249945,11,0.04661543643538285,Green.2
3000,1.1494878914815168,1.9949685120321772,0.05196053906381124,0.9819421146760894,11,0.04464894193520662,Green.2
3300,0.8721415463721763,3.737364658519817,0.04201615120325425,0.9795391860021171,11,0.029164458558746036,Green.2
0,1.3681974353566402,0.5507811610805798,0.15855815593781225,0.8921633215223067,11,0.08423811660207682,Green.3
300,0.5955468859618643,7.100692310627837,0.0786267317822205,0.8643983509533376,11,0.18135559210630645,Green.3
600,0.4603158542028957,11.130354696887869,0.07722875257961304,0.8353971966441746,9,0.16303881083598293,Green.3
900,0.41330313771575455,12.054693608525548,0.1276005225233579,0.7239737837362613,6,0.11799175503683436,Green.3
1200,0.6223000549519014,7.0546792196103825,0.0645083755184208,0.9490113021446756,7,0.09772219960691879,Green.3
1500,0.4402413219378853,11.260580743816767,0.06550632685580096,0.9003316208336115,7,0.08436454622936788,Green.3
1800,0.22190770875869337,19.914044774115283,0.07232853385117455,0.5735073376190926,9,0.07177421779946343,Green.3
2100,0.06596805090014554,30.228817684775965,0.07171312739126531,0.12360065550670636,8,0.0680179673112784,Green.3
2400,0.3417714178996425,15.936446748670942,0.04251460371438638,0.8777575925138508,11,0.06987308847727661,Green.3
2700,0.1480247273253441,25.779969455428006,0.058826129756116716,0.47494007618565914,9,0.06635541014079825,Green.3
3000,0.16411141347549155,24.001953152038787,0.07798232188989201,0.35633324339088157,10,0.03418176354292397,Green.3
0,0.9835240435421033,2.106015688461123,0.06684014045966782,0.9643682117715889,10,0.14468732049706823,Green.4
300,0.5314235538696597,8.775888293948837,0.06016939237988682,0.9069836880016005,10,0.13536693689742932,Green.4
600,0.6474342783994301,6.880236238702278,0.1131645128781366,0.8450888252889011,8,0.11752975765827485,Green.4
900,0.7542231941230231,5.217311810083032,0.07475173551858819,0.9187741835084328,11,0.0934527638597861,Green.4
1200,0.688128557397231,5.725746326868234,0.06597692666223276,0.9395412855362166,9,0.08024477653285071,Green.4
1500,0.9701297672842163,3.0996698502417956,0.03252071841878162,0.9899877215632572,11,0.07033209143884996,Green.4
1800,0.7839861723660444,4.644039481055181,0.049196753763568954,0.9657726329495908,11,0.06702068344232573,Green.4
2100,0.33222513291485023,14.872469697504453,0.05784484071624647,0.7856451809032939,11,0.060751820712866465,Green.4
2400,0.8395927339240252,3.94544000307831,0.055539418034940856,0.9785890632418094,7,0.055710479300415325,Green.4
2700,0.5664266204556122,7.800905622880229,0.06139896374063248,0.9240014245011707,9,0.03753169715685169,Green.4
0,1.9225933655885714,0.09571021293535682,0.19563509157697695,0.9147555344129135,11,0.040036170677021685,Green.5
300,2.3778380503392587,0.047899370915969255,0.21874895142190337,0.9292233445269887,11,0.11162093984502561,Green.5
600,0.46287249949364134,8.502583155036541,0.1281573960952256,0.6198574931718064,10,0.10484743288048988,Green.5
900,0.3023082844712127,13.37374303939356,0.060689054774663985,0.8052770205860879,8,0.10300984897688593,Green.5
1200,0.6548548669784375,5.407390887538152,0.023658250348248467,0.9922296855621691,8,0.08691538788889447,Green.5
1500,0.6887175436125591,5.096561325823044,0.05870128294535121,0.9516084827340635,9,0.07288127552755877,Green.5
1800,0.9107016923514447,2.9701435067392072,0.053123867431749835,0.9702854531862433,11,0.06697818995837966,Green.5
2100,0.8129046795509528,3.751890785239524,0.04697045885669863,0.9708287201541967,11,0.05882929552182462,Green.5
2400,0.9964083490633929,2.3754135319163976,0.050965566420849616,0.9769954343213244,11,0.056506011632345705,Green.5
2700,0.8580387105091901,3.3541624242789743,0.06051524180367229,0.9571511833192083,11,0.0536108831256389,Green.5
3000,0.9591288664937849,2.6521007984968654,0.08910007844951488,0.9354198822618515,10,0.044753253548603454,Green.5
3300,0.8584095722913789,3.1466342261042657,0.1540715956854425,0.8159908614420913,9,0.005248600529155796,Green.5
0,0.12008681223205354,12.580095665835639,0.03899565048777837,0.5130732765654369,11,0.09825111643038409,black.1
300,0.06008851409002185,16.880239069619563,0.015012990094313257,0.6402803564727029,11,0.11513087191345872,black.1
600,0.07291868322713196,17.477049871980736,0.0103481771836484,0.8465564882284359,11,0.08489707700224572,black.1
900,-0.0010129709448041862,21.481242837820155,0.03157238357546807,0.00014703385219419995,9,0.07104257890148537,black.1
1200,0.10578078351650744,17.34946272248409,0.010842985437497272,0.9136056255310264,11,0.054187293792251436,black.1
1500,0.02678405408535149,21.892453125165538,0.027380197328888814,0.1068366773129211,10,0.049682870294885474,black.1
1800,0.0027558492043804513,22.504942748085504,0.028320430640944524,0.0013509089069668788,9,0.04464100351355748,black.1
2100,-0.004584304558194928,22.81177897286944,0.046300079721555865,0.0016312599393995962,8,0.040263670906608366,black.1
2400,0.01199609054844187,22.84180694857794,0.028669274558742134,0.024401643771252892,9,0.0359504564541344,black.1
2700,-0.025756450121579188,25.651712412094867,0.030800113343393633,0.18903712425412425,5,0.035861889481268075,black.1
3000,0.14778064710177316,17.89526301266615,0.04774767512419962,0.5155881438262886,11,0.03057079806470072,black.1
3300,0.009129929354833602,23.63627891776126,0.012214888360677308,0.10050435707494934,7,0.017978116801031698,black.1
0,1.0189631835677522,1.5224083064318201,0.05078589306409522,0.9805144271684548,10,0.06463675530501077,black.2
300,1.1756469838105215,1.2659047443882585,0.04980109222917686,0.985847807431301,10,0.14835420762501475,black.2
600,1.3025545511917702,0.9969447448017262,0.054807129743947275,0.9860342500051258,10,0.11339218112635768,black.2
900,1.3025290686802804,0.9968280073922886,0.08074124514893256,0.970176622271812,10,0.09490032874146226,black.2
1200,1.3129470973566446,1.0350646693490817,0.06181409468416926,0.9825764396231152,10,0.08135750365357726,black.2
1500,1.4491814180588416,0.7504118362197141,0.08639152596306741,0.9723553081517322,10,0.06982509014832992,black.2
1800,1.5336302084115052,0.618692908099355,0.09423713622158425,0.967135086058648,11,0.06625098322242112,black.2
2100,1.2971548875058079,1.1226362167876758,0.03345646747917276,0.9947062754503699,10,0.0639987860755357,black.2
2400,1.3832681982392687,0.9231537237991795,0.07580418974424499,0.9765386468170544,10,0.055315746152720315,black.2
2700,1.572175073986201,0.5880383609421646,0.10449189567084663,0.9617638326242519,11,0.049052121573592386,black.2
3000,1.4651388535636425,0.7662724441191032,0.08320087965787654,0.9748506741186466,10,0.04863814399955036,black.2
3300,1.2545052149673612,1.2858418488087058,0.07301548045754686,0.9736146984895446,10,0.04124200118999719,black.2
0,0.6667782495934974,4.296670511261306,0.0346788875880679,0.9762335826400863,11,0.21140717224955824,black.3
300,0.6527731615503741,5.03704922023239,0.038675575656743844,0.9693745064757221,11,0.22663357405532245,black.3
600,0.7912864592565816,3.795979083233822,0.0316300730409033,0.9858233205824118,11,0.1644096229804412,black.3
900,0.711129994284486,4.790836356475008,0.03230538120380582,0.9817651634992502,11,0.12567557612879424,black.3
1200,0.8434969664101724,3.5320235326869813,0.026020381397578556,0.9915082130155178,11,0.10698857769056087,black.3
1500,0.6961792121976182,5.006326752148276,0.02895255427531846,0.9846726855663247,11,0.09422662407768782,black.3
1800,0.6889622299187648,5.17947777907136,0.0212764095315198,0.9914898612367121,11,0.07758340247395232,black.3
2100,0.7500773486834483,4.550788823708787,0.022379676405730846,0.9920517350675273,11,0.06830942370786228,black.3
2400,0.7011956169696751,5.1498244312880725,0.03446652799533842,0.9787177921272169,11,0.060572616724565126,black.3
2700,0.7531180091979053,4.639750997899211,0.03724522996016551,0.9784621768784578,11,0.05449559817027615,black.3
3000,0.6237438451107551,6.594126122849951,0.04161771038985386,0.9614765625274024,11,0.049064055648150647,black.3
3300,0.6972152505846066,5.480804241072975,0.040459915416651074,0.9705834605865872,11,0.04451637909928386,black.3
0,2.0758953795337525,0.04432558119413588,0.2977360806908106,0.8741290263888851,9,0.004935475080776205,black.4
300,3.3527303167884823,0.002497901557346341,0.2133007341496822,0.9686355379521101,10,0.04378641074299599,black.4
600,2.8434551395061924,0.01196704038921598,0.27620077979509783,0.9298151097247002,10,0.05014451983902053,black.4
900,2.5928836791399923,0.02459403202550654,0.2284248363419333,0.9347109405571771,11,0.06583886820188553,black.4
1200,1.710967575246481,0.24542268665843167,0.19516230855638608,0.8951763140717974,11,0.05958058027067815,black.4
1500,1.5007080101442034,0.41701999673456197,0.1895151219282013,0.8744863696432588,11,0.05018569932957307,black.4
1800,1.2998494218822214,0.7272534499563021,0.3302074515056245,0.7208749412628028,8,0.04783683465862453,black.4
2100,2.051838251938176,0.10679534356253774,0.2331960867287491,0.895855412569625,11,0.044661916216570924,black.4
2400,2.3326158499046143,0.05478870308218229,0.26357676711478195,0.8969307252664398,11,0.042749984454619396,black.4
2700,1.976885524242994,0.13589229299459643,0.21084080209335504,0.9071333227345841,11,0.00837727645770689,black.4
0,0.46662196022994484,6.159084058007029,0.10598907620423798,0.7346718603798289,9,0.11032688399096854,black.5
300,0.76035918169799,4.171027837304398,0.04860245166464795,0.9760717058448829,8,0.16057332428310972,black.5
600,0.39517961862405604,11.303598816055548,0.08474557890341608,0.8130476148170662,7,0.12906866583901871,black.5
900,0.3878019543356166,11.985484447050991,0.0835738800113701,0.7820696067557696,8,0.1114515725230675,black.5
1200,0.5149238065321845,8.950907682530124,0.07876676061701954,0.8592585753702768,9,0.08879339471331979,black.5
1500,1.144232697133457,1.8381090378459009,0.14484716356496027,0.9397621812042983,6,0.07943406018357523,black.5
1800,0.6749832627834179,5.947156068584949,0.0411704015217484,0.9781652768566661,8,0.07337308708582718,black.5
2100,1.1742196043906212,1.6169538222215196,0.08588407296771104,0.9790496483156202,6,0.06223515082191549,black.5
2400,0.8824562780104704,3.6800810013939955,0.12136711625985289,0.9135949062742112,7,0.06163458201507436,black.5
2700,0.733603767163734,5.510840818400336,0.11809878113885583,0.9060729109827618,6,0.05655257623802001,black.5
3000,0.5616547916932297,8.818489960986234,0.04403929974892647,0.9644236827064783,8,0.053559248461934945,black.5
3300,0.37035719335242795,13.75301621750098,0.13241073566292497,0.6100876087720086,7,0.03927366895504006,black.5
0,0.7349194631618379,3.2485196896393305,0.052941506777540136,0.9601399689139067,10,0.09550125200732668,white.1
300,1.0071633800974158,2.0120490070631196,0.0673440608258455,0.9613180504272234,11,0.17087506128427682,white.1
600,1.2018401565604993,1.5003294358111225,0.07961350381522225,0.9620072349772499,11,0.19825224648909928,white.1
900,1.1836815025343965,1.6673368560465145,0.09392139038531694,0.9520478516944963,10,0.15590474778669716,white.1
1200,1.0380976075228603,2.3842198736397324,0.09044872140347197,0.9495408228087809,9,0.11407449458877927,white.1
1500,1.0006354411688414,2.6105286969583075,0.052301856286014164,0.9812347902927909,9,0.09153986858380278,white.1
1800,1.0698272277771816,2.261301377015574,0.06669712103272263,0.966201524585342,11,0.0741350574116107,white.1
2100,0.8834947699418215,3.570950122718819,0.04561197063330737,0.9816844626977606,9,0.06933748323591232,white.1
2400,0.8459152111787586,3.864147241225707,0.08606916986825208,0.932429721651067,9,0.06202981868627915,white.1
2700,0.8422725640306337,3.9443530088471115,0.046762277797138437,0.9759344040057678,10,0.05300000690233907,white.1
3000,0.9084195905815444,3.3917073413650134,0.048013520381992025,0.9754747932181125,11,0.04863775310155614,white.1
3300,0.9620433493222066,2.9467810106206236,0.10202317215193865,0.9270213012036591,9,0.04628049021173389,white.1
0,0.9576924552279515,1.9064989834049892,0.059323993657884544,0.966618470879496,11,0.07430567162432143,white.2
300,0.7638128458715345,4.030469703498993,0.046040367612332,0.9683355439447018,11,0.12337055075307181,white.2
600,0.9476191978074132,3.0587588722498107,0.03750629923619981,0.9860971783040452,11,0.11264881739115502,white.2
900,1.0138943847252848,2.727470610907666,0.06242867254154446,0.9670045693682314,11,0.0946957964388496,white.2
1200,1.169302586939227,1.9403601039692473,0.052042142736655715,0.9824844129957564,11,0.07626323597226074,white.2
1500,0.9499080146971787,3.552607858261235,0.04077800521158308,0.9836849877901319,11,0.07439157019948858,white.2
1800,1.3143377873887025,1.3989903286676046,0.13236880788775462,0.9249476224802072,10,0.06598863520032107,white.2
2100,1.07251475498356,2.668104569093099,0.08113062400669918,0.9562262522451964,10,0.06196369934040729,white.2
2400,1.04190805278309,2.8578866048030744,0.040912553749002975,0.9863128946879028,11,0.055045262930345715,white.2
2700,1.131668171749975,2.4478209370290687,0.05608000808086701,0.9783764774177548,11,0.050957971273657504,white.2
3000,1.2030578566039207,2.1946277647732884,0.05701517633489625,0.9801865919695923,11,0.04677664870419738,white.2
3300,0.02117930398743587,32.90403693252679,0.1437052588114804,0.004325392000869831,7,0.018985030226084863,white.2
300,1.1776919333955067,1.800835709327257,0.062228751047766394,0.975487754370684,11,0.1358423735663944,white.3
600,1.3548572451983494,1.476018560905512,0.05814774548963627,0.9836927523518585,11,0.16245794876642738,white.3
900,1.3160381672467414,1.7276372840714262,0.0706210767465745,0.9747383188539023,11,0.15294451379237314,white.3
1200,1.5010463963995646,1.1748798769405024,0.0661670009064037,0.982812689120593,11,0.12926694384465828,white.3
1500,1.4613844357932546,1.346982573585144,0.06065897914456258,0.9847306273568718,11,0.11895524346515841,white.3
1800,1.0274301352820931,3.987563680275386,0.044726629788095815,0.9832302916612231,11,0.11692050915368664,white.3
2100,1.3292314822741458,1.9045692010114506,0.06433094113464892,0.9793547048588083,11,0.09795129981341111,white.3
2400,1.1851303431396965,2.649076509076205,0.08135178841200917,0.9636736352938179,10,0.09232102440271887,white.3
2700,1.2698695363004826,2.201280708712316,0.1052155360399054,0.9418101281613283,11,0.07625472689957259,white.3
3000,1.2913361196998996,2.170651488511702,0.08867669798432222,0.9592871446055371,11,0.07254771018327631,white.3
3300,1.116049216892503,3.336356518668821,0.0625579118120392,0.972500171284238,11,0.06809757844727292,white.3
0,1.1986598141776459,1.0278002692591477,0.07118158937989819,0.9692378733279945,11,0.07860875977173365,white.4
300,1.4892217552285794,0.6026254233356102,0.05133383464429187,0.9894193685306132,11,0.1705207565173019,white.4
600,1.7509948650709997,0.3545488959430055,0.04845938224076094,0.9931538714244703,11,0.16356476699391226,white.4
900,1.7671331599248479,0.36230765561849826,0.06459281284202774,0.9881182267109827,11,0.12795850948465642,white.4
1200,1.680171077752505,0.4527715732179064,0.0593857662332099,0.9888815435217292,11,0.1164598972619525,white.4
1500,1.7405198441170806,0.41438499131757445,0.0794770376774714,0.9815798347590425,11,0.10149638830348763,white.4
1800,1.8076927789313204,0.3636334488592776,0.08124363774362015,0.9821454950090713,11,0.09317762173760054,white.4
2100,1.7731539067368574,0.39755248401457766,0.0813681131580938,0.9814003680702656,11,0.07552294338973518,white.4
2400,1.7573855625907198,0.40940238728333583,0.08346043363405833,0.9801050747144159,11,0.06963910566727231,white.4
2700,1.6166877937555981,0.5909431189795014,0.09499270796428393,0.9698642719275891,11,0.06572433198096278,white.4
3000,1.601003249736663,0.6221388632787098,0.053737355932842616,0.98996241178299,11,0.061413428064248765,white.4
3300,1.679630988808675,0.49427994980646917,0.04743281848986702,0.9928736589303774,11,0.04565887229488291,white.4
0,0.9204878831615693,2.211460194947523,0.05234475457190391,0.9717190869521526,11,0.06529371847208681,white.5
300,1.0048238413679271,2.0947231170451808,0.04817155285804749,0.9797347277419103,11,0.13656794915143133,white.5
600,1.0431257784622616,2.1487630603776893,0.06189937934178823,0.9692820717300136,11,0.11416859271153111,white.5
900,1.14420478916769,1.711692586181608,0.043000844741406176,0.9874482778122173,11,0.08860774411604601,white.5
1200,1.1650586746513658,1.6454751448367482,0.04934955496749335,0.9841088066007009,11,0.08110591505839104,white.5
1500,1.1010955305473376,2.0322535303981577,0.06337520532608691,0.9710484274617698,11,0.06840730051101385,white.5
1800,1.0756070018402222,2.226998548096286,0.05398330018900392,0.9778324061351577,11,0.06827882587108529,white.5
2100,0.9490411634533241,3.16853363731748,0.03754852965146946,0.9861074325934646,11,0.06878022153584748,white.5
2400,0.9688842237731948,3.0909744533709698,0.05424466047313901,0.9725633777994963,11,0.05876782259446469,white.5
2700,1.0009150840340717,2.911503993800595,0.05587937559140645,0.972714218669394,11,0.058814189105405264,white.5
3000,0.9198506359813152,3.666415412140122,0.03973038570409317,0.983487146259935,11,0.05586850211981775,white.5
3300,1.1542808813780712,2.075677282138304,0.06443652080119192,0.9727183410542789,11,0.044322683734204345,white.5
